{"alpha": [2.2229301500580916, -0.8229901921394059], "beta": [17175.10244390804, 2776.5922520317454], "lon0": 2.35, "lat0": 48.86, "me": 73237.558472131, "mn": 111320.0, "rms_px": 38.19504920341768, "scale_m_per_px": 0.421872161239404, "rotation_deg": -20.31594531838874}